[{"@type":"dssTask","id":"@1","name":"SyncTaskSFDC_Oracle","description":"","maxLogs":10,"sourceConnectionId":"@4oQmZafrOOMf53qWD4bzyH","targetConnectionId":"@h8HQcvyspiFhIAcpQZAtyJ","targetObject":"AccountGitDemo.csv","operation":"Insert","maxRows":0,"truncateTarget":false,"bulkApiDBTarget":false,"verbose":false,"tgtFlatFileAttrs":{"@type":"flatFileAttrs","id":37442134,"delimiter":",","textQualifier":"\"","escapeChar":"","headerLineNo":1,"firstDataRow":2},"targetMetadataUpdated":false,"modelVersion":"V3-R600","queryAll":false,"srcSettings":{"@type":"taskDataSourceSetting","isShowLabels":true,"isNaturalOrder":true},"tgtSettings":{"@type":"taskDataSourceSetting","isShowLabels":false,"isNaturalOrder":true},"cfSettings":{"@type":"taskDataSourceSetting","isShowLabels":false,"isNaturalOrder":false},"bulkApi":false,"bulkApiSerialMode":false,"bulkApiMonitor":false,"isTargetObjectSfCustom":false,"allowNullUpdates":false,"targetBatchSize":200,"assignmentRuleId":"-1","assignmentRuleType":"None","createSuccessFile":false,"bulkApiHardDelete":false,"srcRuntimeAttrs":{"@type":"taskRuntimeAttrs","attrs":{"PK Chunking size":"100000","Enable PK Chunking":"0","PK Chunking startRow ID":""}},"tgtRuntimeAttrs":{"@type":"taskRuntimeAttrs","attrs":{}},"parameterFileEncoding":"UTF-8","serverlessProperties":{},"sourceObjects":[{"@type":"mObject","name":"Account","label":"Account","metadataUpdated":false,"relations":[],"children":[]}],"advancedFilters":[],"filters":[],"fieldMaps":[{"@type":"fieldMap","id":"41467138","targetField":{"@type":"field","id":129002965,"name":"Id","type":"nstring","uniqueName":"Id","label":"Id","parentObject":"AccountGitDemo.csv","pcType":"UNISTRING","precision":18,"scale":0,"columnIndex":0,"isKey":false,"isExternalId":false,"isSfIdLookup":false,"isNullable":true,"isUnique":false,"isCreateable":false,"isUpdateable":true,"isFilterable":true,"isCalculated":false,"showLabel":false,"naturalOrder":0,"linkedFields":["Id"],"relatedInfos":[],"references":[]},"expression":"Id"},{"@type":"fieldMap","id":"41467141","targetField":{"@type":"field","id":129002968,"name":"IsDeleted","type":"int","uniqueName":"IsDeleted","label":"IsDeleted","parentObject":"AccountGitDemo.csv","pcType":"INT","precision":10,"scale":0,"columnIndex":1,"isKey":false,"isExternalId":false,"isSfIdLookup":false,"isNullable":true,"isUnique":false,"isCreateable":false,"isUpdateable":true,"isFilterable":true,"isCalculated":false,"showLabel":false,"naturalOrder":0,"linkedFields":["IsDeleted"],"relatedInfos":[],"references":[]},"expression":"IsDeleted"},{"@type":"fieldMap","id":"41467144","targetField":{"@type":"field","id":129002971,"name":"MasterRecordId","type":"nstring","uniqueName":"MasterRecordId","label":"MasterRecordId","parentObject":"AccountGitDemo.csv","pcType":"UNISTRING","precision":18,"scale":0,"columnIndex":2,"isKey":false,"isExternalId":false,"isSfIdLookup":false,"isNullable":true,"isUnique":false,"isCreateable":false,"isUpdateable":true,"isFilterable":true,"isCalculated":false,"showLabel":false,"naturalOrder":0,"linkedFields":["MasterRecordId"],"relatedInfos":[],"references":[]},"expression":"MasterRecordId"},{"@type":"fieldMap","id":"41467147","targetField":{"@type":"field","id":129002974,"name":"Name","type":"nstring","uniqueName":"Name","label":"Name","parentObject":"AccountGitDemo.csv","pcType":"UNISTRING","precision":255,"scale":0,"columnIndex":3,"isKey":false,"isExternalId":false,"isSfIdLookup":false,"isNullable":true,"isUnique":false,"isCreateable":false,"isUpdateable":true,"isFilterable":true,"isCalculated":false,"showLabel":false,"naturalOrder":0,"linkedFields":["Name"],"relatedInfos":[],"references":[]},"expression":"Name"},{"@type":"fieldMap","id":"41467150","targetField":{"@type":"field","id":129002977,"name":"Type","type":"nstring","uniqueName":"Type","label":"Type","parentObject":"AccountGitDemo.csv","pcType":"UNISTRING","precision":40,"scale":0,"columnIndex":4,"isKey":false,"isExternalId":false,"isSfIdLookup":false,"isNullable":true,"isUnique":false,"isCreateable":false,"isUpdateable":true,"isFilterable":true,"isCalculated":false,"showLabel":false,"naturalOrder":0,"linkedFields":["Type"],"relatedInfos":[],"references":[]},"expression":"Type"},{"@type":"fieldMap","id":"41467153","targetField":{"@type":"field","id":129002980,"name":"ParentId","type":"nstring","uniqueName":"ParentId","label":"ParentId","parentObject":"AccountGitDemo.csv","pcType":"UNISTRING","precision":18,"scale":0,"columnIndex":5,"isKey":false,"isExternalId":false,"isSfIdLookup":false,"isNullable":true,"isUnique":false,"isCreateable":false,"isUpdateable":true,"isFilterable":true,"isCalculated":false,"showLabel":false,"naturalOrder":0,"linkedFields":["ParentId"],"relatedInfos":[],"references":[]},"expression":"ParentId"},{"@type":"fieldMap","id":"41467156","targetField":{"@type":"field","id":129002983,"name":"BillingStreet","type":"nstring","uniqueName":"BillingStreet","label":"BillingStreet","parentObject":"AccountGitDemo.csv","pcType":"UNISTRING","precision":255,"scale":0,"columnIndex":6,"isKey":false,"isExternalId":false,"isSfIdLookup":false,"isNullable":true,"isUnique":false,"isCreateable":false,"isUpdateable":true,"isFilterable":true,"isCalculated":false,"showLabel":false,"naturalOrder":0,"linkedFields":["BillingStreet"],"relatedInfos":[],"references":[]},"expression":"BillingStreet"},{"@type":"fieldMap","id":"41467159","targetField":{"@type":"field","id":129002986,"name":"BillingCity","type":"nstring","uniqueName":"BillingCity","label":"BillingCity","parentObject":"AccountGitDemo.csv","pcType":"UNISTRING","precision":40,"scale":0,"columnIndex":7,"isKey":false,"isExternalId":false,"isSfIdLookup":false,"isNullable":true,"isUnique":false,"isCreateable":false,"isUpdateable":true,"isFilterable":true,"isCalculated":false,"showLabel":false,"naturalOrder":0,"linkedFields":["BillingCity"],"relatedInfos":[],"references":[]},"expression":"BillingCity"},{"@type":"fieldMap","id":"41467162","targetField":{"@type":"field","id":129002989,"name":"BillingState","type":"nstring","uniqueName":"BillingState","label":"BillingState","parentObject":"AccountGitDemo.csv","pcType":"UNISTRING","precision":80,"scale":0,"columnIndex":8,"isKey":false,"isExternalId":false,"isSfIdLookup":false,"isNullable":true,"isUnique":false,"isCreateable":false,"isUpdateable":true,"isFilterable":true,"isCalculated":false,"showLabel":false,"naturalOrder":0,"linkedFields":["BillingState"],"relatedInfos":[],"references":[]},"expression":"BillingState"},{"@type":"fieldMap","id":"41467165","targetField":{"@type":"field","id":129002992,"name":"BillingPostalCode","type":"nstring","uniqueName":"BillingPostalCode","label":"BillingPostalCode","parentObject":"AccountGitDemo.csv","pcType":"UNISTRING","precision":20,"scale":0,"columnIndex":9,"isKey":false,"isExternalId":false,"isSfIdLookup":false,"isNullable":true,"isUnique":false,"isCreateable":false,"isUpdateable":true,"isFilterable":true,"isCalculated":false,"showLabel":false,"naturalOrder":0,"linkedFields":["BillingPostalCode"],"relatedInfos":[],"references":[]},"expression":"BillingPostalCode"},{"@type":"fieldMap","id":"41467168","targetField":{"@type":"field","id":129002995,"name":"BillingCountry","type":"nstring","uniqueName":"BillingCountry","label":"BillingCountry","parentObject":"AccountGitDemo.csv","pcType":"UNISTRING","precision":80,"scale":0,"columnIndex":10,"isKey":false,"isExternalId":false,"isSfIdLookup":false,"isNullable":true,"isUnique":false,"isCreateable":false,"isUpdateable":true,"isFilterable":true,"isCalculated":false,"showLabel":false,"naturalOrder":0,"linkedFields":["BillingCountry"],"relatedInfos":[],"references":[]},"expression":"BillingCountry"},{"@type":"fieldMap","id":"41467171","targetField":{"@type":"field","id":129002998,"name":"BillingLatitude","type":"number","uniqueName":"BillingLatitude","label":"BillingLatitude","parentObject":"AccountGitDemo.csv","pcType":"HIPRECDECIMAL","precision":18,"scale":15,"columnIndex":11,"isKey":false,"isExternalId":false,"isSfIdLookup":false,"isNullable":true,"isUnique":false,"isCreateable":false,"isUpdateable":true,"isFilterable":true,"isCalculated":false,"showLabel":false,"naturalOrder":0,"linkedFields":["BillingLatitude"],"relatedInfos":[],"references":[]},"expression":"BillingLatitude"},{"@type":"fieldMap","id":"41467174","targetField":{"@type":"field","id":129003001,"name":"BillingLongitude","type":"number","uniqueName":"BillingLongitude","label":"BillingLongitude","parentObject":"AccountGitDemo.csv","pcType":"HIPRECDECIMAL","precision":18,"scale":15,"columnIndex":12,"isKey":false,"isExternalId":false,"isSfIdLookup":false,"isNullable":true,"isUnique":false,"isCreateable":false,"isUpdateable":true,"isFilterable":true,"isCalculated":false,"showLabel":false,"naturalOrder":0,"linkedFields":["BillingLongitude"],"relatedInfos":[],"references":[]},"expression":"BillingLongitude"},{"@type":"fieldMap","id":"41467177","targetField":{"@type":"field","id":129003004,"name":"BillingGeocodeAccuracy","type":"nstring","uniqueName":"BillingGeocodeAccuracy","label":"BillingGeocodeAccuracy","parentObject":"AccountGitDemo.csv","pcType":"UNISTRING","precision":40,"scale":0,"columnIndex":13,"isKey":false,"isExternalId":false,"isSfIdLookup":false,"isNullable":true,"isUnique":false,"isCreateable":false,"isUpdateable":true,"isFilterable":true,"isCalculated":false,"showLabel":false,"naturalOrder":0,"linkedFields":["BillingGeocodeAccuracy"],"relatedInfos":[],"references":[]},"expression":"BillingGeocodeAccuracy"},{"@type":"fieldMap","id":"41467180","targetField":{"@type":"field","id":129003007,"name":"ShippingStreet","type":"nstring","uniqueName":"ShippingStreet","label":"ShippingStreet","parentObject":"AccountGitDemo.csv","pcType":"UNISTRING","precision":255,"scale":0,"columnIndex":14,"isKey":false,"isExternalId":false,"isSfIdLookup":false,"isNullable":true,"isUnique":false,"isCreateable":false,"isUpdateable":true,"isFilterable":true,"isCalculated":false,"showLabel":false,"naturalOrder":0,"linkedFields":["ShippingStreet"],"relatedInfos":[],"references":[]},"expression":"ShippingStreet"},{"@type":"fieldMap","id":"41467183","targetField":{"@type":"field","id":129003010,"name":"ShippingCity","type":"nstring","uniqueName":"ShippingCity","label":"ShippingCity","parentObject":"AccountGitDemo.csv","pcType":"UNISTRING","precision":40,"scale":0,"columnIndex":15,"isKey":false,"isExternalId":false,"isSfIdLookup":false,"isNullable":true,"isUnique":false,"isCreateable":false,"isUpdateable":true,"isFilterable":true,"isCalculated":false,"showLabel":false,"naturalOrder":0,"linkedFields":["ShippingCity"],"relatedInfos":[],"references":[]},"expression":"ShippingCity"},{"@type":"fieldMap","id":"41467186","targetField":{"@type":"field","id":129003013,"name":"ShippingState","type":"nstring","uniqueName":"ShippingState","label":"ShippingState","parentObject":"AccountGitDemo.csv","pcType":"UNISTRING","precision":80,"scale":0,"columnIndex":16,"isKey":false,"isExternalId":false,"isSfIdLookup":false,"isNullable":true,"isUnique":false,"isCreateable":false,"isUpdateable":true,"isFilterable":true,"isCalculated":false,"showLabel":false,"naturalOrder":0,"linkedFields":["ShippingState"],"relatedInfos":[],"references":[]},"expression":"ShippingState"},{"@type":"fieldMap","id":"41467189","targetField":{"@type":"field","id":129003016,"name":"ShippingPostalCode","type":"nstring","uniqueName":"ShippingPostalCode","label":"ShippingPostalCode","parentObject":"AccountGitDemo.csv","pcType":"UNISTRING","precision":20,"scale":0,"columnIndex":17,"isKey":false,"isExternalId":false,"isSfIdLookup":false,"isNullable":true,"isUnique":false,"isCreateable":false,"isUpdateable":true,"isFilterable":true,"isCalculated":false,"showLabel":false,"naturalOrder":0,"linkedFields":["ShippingPostalCode"],"relatedInfos":[],"references":[]},"expression":"ShippingPostalCode"},{"@type":"fieldMap","id":"41467192","targetField":{"@type":"field","id":129003019,"name":"ShippingCountry","type":"nstring","uniqueName":"ShippingCountry","label":"ShippingCountry","parentObject":"AccountGitDemo.csv","pcType":"UNISTRING","precision":80,"scale":0,"columnIndex":18,"isKey":false,"isExternalId":false,"isSfIdLookup":false,"isNullable":true,"isUnique":false,"isCreateable":false,"isUpdateable":true,"isFilterable":true,"isCalculated":false,"showLabel":false,"naturalOrder":0,"linkedFields":["ShippingCountry"],"relatedInfos":[],"references":[]},"expression":"ShippingCountry"},{"@type":"fieldMap","id":"41467195","targetField":{"@type":"field","id":129003022,"name":"ShippingLatitude","type":"number","uniqueName":"ShippingLatitude","label":"ShippingLatitude","parentObject":"AccountGitDemo.csv","pcType":"HIPRECDECIMAL","precision":18,"scale":15,"columnIndex":19,"isKey":false,"isExternalId":false,"isSfIdLookup":false,"isNullable":true,"isUnique":false,"isCreateable":false,"isUpdateable":true,"isFilterable":true,"isCalculated":false,"showLabel":false,"naturalOrder":0,"linkedFields":["ShippingLatitude"],"relatedInfos":[],"references":[]},"expression":"ShippingLatitude"},{"@type":"fieldMap","id":"41467198","targetField":{"@type":"field","id":129003025,"name":"ShippingLongitude","type":"number","uniqueName":"ShippingLongitude","label":"ShippingLongitude","parentObject":"AccountGitDemo.csv","pcType":"HIPRECDECIMAL","precision":18,"scale":15,"columnIndex":20,"isKey":false,"isExternalId":false,"isSfIdLookup":false,"isNullable":true,"isUnique":false,"isCreateable":false,"isUpdateable":true,"isFilterable":true,"isCalculated":false,"showLabel":false,"naturalOrder":0,"linkedFields":["ShippingLongitude"],"relatedInfos":[],"references":[]},"expression":"ShippingLongitude"},{"@type":"fieldMap","id":"41467201","targetField":{"@type":"field","id":129003028,"name":"ShippingGeocodeAccuracy","type":"nstring","uniqueName":"ShippingGeocodeAccuracy","label":"ShippingGeocodeAccuracy","parentObject":"AccountGitDemo.csv","pcType":"UNISTRING","precision":40,"scale":0,"columnIndex":21,"isKey":false,"isExternalId":false,"isSfIdLookup":false,"isNullable":true,"isUnique":false,"isCreateable":false,"isUpdateable":true,"isFilterable":true,"isCalculated":false,"showLabel":false,"naturalOrder":0,"linkedFields":["ShippingGeocodeAccuracy"],"relatedInfos":[],"references":[]},"expression":"ShippingGeocodeAccuracy"},{"@type":"fieldMap","id":"41467204","targetField":{"@type":"field","id":129003031,"name":"Phone","type":"nstring","uniqueName":"Phone","label":"Phone","parentObject":"AccountGitDemo.csv","pcType":"UNISTRING","precision":40,"scale":0,"columnIndex":22,"isKey":false,"isExternalId":false,"isSfIdLookup":false,"isNullable":true,"isUnique":false,"isCreateable":false,"isUpdateable":true,"isFilterable":true,"isCalculated":false,"showLabel":false,"naturalOrder":0,"linkedFields":["Phone"],"relatedInfos":[],"references":[]},"expression":"Phone"},{"@type":"fieldMap","id":"41467207","targetField":{"@type":"field","id":129003034,"name":"Fax","type":"nstring","uniqueName":"Fax","label":"Fax","parentObject":"AccountGitDemo.csv","pcType":"UNISTRING","precision":40,"scale":0,"columnIndex":23,"isKey":false,"isExternalId":false,"isSfIdLookup":false,"isNullable":true,"isUnique":false,"isCreateable":false,"isUpdateable":true,"isFilterable":true,"isCalculated":false,"showLabel":false,"naturalOrder":0,"linkedFields":["Fax"],"relatedInfos":[],"references":[]},"expression":"Fax"},{"@type":"fieldMap","id":"41467210","targetField":{"@type":"field","id":129003037,"name":"AccountNumber","type":"nstring","uniqueName":"AccountNumber","label":"AccountNumber","parentObject":"AccountGitDemo.csv","pcType":"UNISTRING","precision":40,"scale":0,"columnIndex":24,"isKey":false,"isExternalId":false,"isSfIdLookup":false,"isNullable":true,"isUnique":false,"isCreateable":false,"isUpdateable":true,"isFilterable":true,"isCalculated":false,"showLabel":false,"naturalOrder":0,"linkedFields":["AccountNumber"],"relatedInfos":[],"references":[]},"expression":"AccountNumber"},{"@type":"fieldMap","id":"41467213","targetField":{"@type":"field","id":129003040,"name":"Website","type":"nstring","uniqueName":"Website","label":"Website","parentObject":"AccountGitDemo.csv","pcType":"UNISTRING","precision":255,"scale":0,"columnIndex":25,"isKey":false,"isExternalId":false,"isSfIdLookup":false,"isNullable":true,"isUnique":false,"isCreateable":false,"isUpdateable":true,"isFilterable":true,"isCalculated":false,"showLabel":false,"naturalOrder":0,"linkedFields":["Website"],"relatedInfos":[],"references":[]},"expression":"Website"},{"@type":"fieldMap","id":"41467216","targetField":{"@type":"field","id":129003043,"name":"PhotoUrl","type":"nstring","uniqueName":"PhotoUrl","label":"PhotoUrl","parentObject":"AccountGitDemo.csv","pcType":"UNISTRING","precision":255,"scale":0,"columnIndex":26,"isKey":false,"isExternalId":false,"isSfIdLookup":false,"isNullable":true,"isUnique":false,"isCreateable":false,"isUpdateable":true,"isFilterable":true,"isCalculated":false,"showLabel":false,"naturalOrder":0,"linkedFields":["PhotoUrl"],"relatedInfos":[],"references":[]},"expression":"PhotoUrl"},{"@type":"fieldMap","id":"41467219","targetField":{"@type":"field","id":129003046,"name":"Sic","type":"nstring","uniqueName":"Sic","label":"Sic","parentObject":"AccountGitDemo.csv","pcType":"UNISTRING","precision":20,"scale":0,"columnIndex":27,"isKey":false,"isExternalId":false,"isSfIdLookup":false,"isNullable":true,"isUnique":false,"isCreateable":false,"isUpdateable":true,"isFilterable":true,"isCalculated":false,"showLabel":false,"naturalOrder":0,"linkedFields":["Sic"],"relatedInfos":[],"references":[]},"expression":"Sic"},{"@type":"fieldMap","id":"41467222","targetField":{"@type":"field","id":129003049,"name":"Industry","type":"nstring","uniqueName":"Industry","label":"Industry","parentObject":"AccountGitDemo.csv","pcType":"UNISTRING","precision":40,"scale":0,"columnIndex":28,"isKey":false,"isExternalId":false,"isSfIdLookup":false,"isNullable":true,"isUnique":false,"isCreateable":false,"isUpdateable":true,"isFilterable":true,"isCalculated":false,"showLabel":false,"naturalOrder":0,"linkedFields":["Industry"],"relatedInfos":[],"references":[]},"expression":"Industry"},{"@type":"fieldMap","id":"41467225","targetField":{"@type":"field","id":129003052,"name":"AnnualRevenue","type":"number","uniqueName":"AnnualRevenue","label":"AnnualRevenue","parentObject":"AccountGitDemo.csv","pcType":"HIPRECDECIMAL","precision":18,"scale":0,"columnIndex":29,"isKey":false,"isExternalId":false,"isSfIdLookup":false,"isNullable":true,"isUnique":false,"isCreateable":false,"isUpdateable":true,"isFilterable":true,"isCalculated":false,"showLabel":false,"naturalOrder":0,"linkedFields":["AnnualRevenue"],"relatedInfos":[],"references":[]},"expression":"AnnualRevenue"},{"@type":"fieldMap","id":"41467228","targetField":{"@type":"field","id":129003055,"name":"NumberOfEmployees","type":"int","uniqueName":"NumberOfEmployees","label":"NumberOfEmployees","parentObject":"AccountGitDemo.csv","pcType":"INT","precision":10,"scale":0,"columnIndex":30,"isKey":false,"isExternalId":false,"isSfIdLookup":false,"isNullable":true,"isUnique":false,"isCreateable":false,"isUpdateable":true,"isFilterable":true,"isCalculated":false,"showLabel":false,"naturalOrder":0,"linkedFields":["NumberOfEmployees"],"relatedInfos":[],"references":[]},"expression":"NumberOfEmployees"},{"@type":"fieldMap","id":"41467231","targetField":{"@type":"field","id":129003058,"name":"Ownership","type":"nstring","uniqueName":"Ownership","label":"Ownership","parentObject":"AccountGitDemo.csv","pcType":"UNISTRING","precision":40,"scale":0,"columnIndex":31,"isKey":false,"isExternalId":false,"isSfIdLookup":false,"isNullable":true,"isUnique":false,"isCreateable":false,"isUpdateable":true,"isFilterable":true,"isCalculated":false,"showLabel":false,"naturalOrder":0,"linkedFields":["Ownership"],"relatedInfos":[],"references":[]},"expression":"Ownership"},{"@type":"fieldMap","id":"41467234","targetField":{"@type":"field","id":129003061,"name":"TickerSymbol","type":"nstring","uniqueName":"TickerSymbol","label":"TickerSymbol","parentObject":"AccountGitDemo.csv","pcType":"UNISTRING","precision":20,"scale":0,"columnIndex":32,"isKey":false,"isExternalId":false,"isSfIdLookup":false,"isNullable":true,"isUnique":false,"isCreateable":false,"isUpdateable":true,"isFilterable":true,"isCalculated":false,"showLabel":false,"naturalOrder":0,"linkedFields":["TickerSymbol"],"relatedInfos":[],"references":[]},"expression":"TickerSymbol"},{"@type":"fieldMap","id":"41467237","targetField":{"@type":"field","id":129003064,"name":"Description","type":"nstring","uniqueName":"Description","label":"Description","parentObject":"AccountGitDemo.csv","pcType":"UNISTRING","precision":32000,"scale":0,"columnIndex":33,"isKey":false,"isExternalId":false,"isSfIdLookup":false,"isNullable":true,"isUnique":false,"isCreateable":false,"isUpdateable":true,"isFilterable":true,"isCalculated":false,"showLabel":false,"naturalOrder":0,"linkedFields":["Description"],"relatedInfos":[],"references":[]},"expression":"Description"},{"@type":"fieldMap","id":"41467240","targetField":{"@type":"field","id":129003067,"name":"Rating","type":"nstring","uniqueName":"Rating","label":"Rating","parentObject":"AccountGitDemo.csv","pcType":"UNISTRING","precision":40,"scale":0,"columnIndex":34,"isKey":false,"isExternalId":false,"isSfIdLookup":false,"isNullable":true,"isUnique":false,"isCreateable":false,"isUpdateable":true,"isFilterable":true,"isCalculated":false,"showLabel":false,"naturalOrder":0,"linkedFields":["Rating"],"relatedInfos":[],"references":[]},"expression":"Rating"},{"@type":"fieldMap","id":"41467243","targetField":{"@type":"field","id":129003070,"name":"Site","type":"nstring","uniqueName":"Site","label":"Site","parentObject":"AccountGitDemo.csv","pcType":"UNISTRING","precision":80,"scale":0,"columnIndex":35,"isKey":false,"isExternalId":false,"isSfIdLookup":false,"isNullable":true,"isUnique":false,"isCreateable":false,"isUpdateable":true,"isFilterable":true,"isCalculated":false,"showLabel":false,"naturalOrder":0,"linkedFields":["Site"],"relatedInfos":[],"references":[]},"expression":"Site"},{"@type":"fieldMap","id":"41467246","targetField":{"@type":"field","id":129003073,"name":"OwnerId","type":"nstring","uniqueName":"OwnerId","label":"OwnerId","parentObject":"AccountGitDemo.csv","pcType":"UNISTRING","precision":18,"scale":0,"columnIndex":36,"isKey":false,"isExternalId":false,"isSfIdLookup":false,"isNullable":true,"isUnique":false,"isCreateable":false,"isUpdateable":true,"isFilterable":true,"isCalculated":false,"showLabel":false,"naturalOrder":0,"linkedFields":["OwnerId"],"relatedInfos":[],"references":[]},"expression":"OwnerId"},{"@type":"fieldMap","id":"41467249","targetField":{"@type":"field","id":129003076,"name":"CreatedDate","type":"datetime","uniqueName":"CreatedDate","label":"CreatedDate","parentObject":"AccountGitDemo.csv","pcType":"DATE","precision":19,"scale":0,"columnIndex":37,"isKey":false,"isExternalId":false,"isSfIdLookup":false,"isNullable":true,"isUnique":false,"isCreateable":false,"isUpdateable":true,"isFilterable":true,"isCalculated":false,"showLabel":false,"naturalOrder":0,"linkedFields":["CreatedDate"],"relatedInfos":[],"references":[]},"expression":"CreatedDate"},{"@type":"fieldMap","id":"41467252","targetField":{"@type":"field","id":129003079,"name":"CreatedById","type":"nstring","uniqueName":"CreatedById","label":"CreatedById","parentObject":"AccountGitDemo.csv","pcType":"UNISTRING","precision":18,"scale":0,"columnIndex":38,"isKey":false,"isExternalId":false,"isSfIdLookup":false,"isNullable":true,"isUnique":false,"isCreateable":false,"isUpdateable":true,"isFilterable":true,"isCalculated":false,"showLabel":false,"naturalOrder":0,"linkedFields":["CreatedById"],"relatedInfos":[],"references":[]},"expression":"CreatedById"},{"@type":"fieldMap","id":"41467255","targetField":{"@type":"field","id":129003082,"name":"LastModifiedDate","type":"datetime","uniqueName":"LastModifiedDate","label":"LastModifiedDate","parentObject":"AccountGitDemo.csv","pcType":"DATE","precision":19,"scale":0,"columnIndex":39,"isKey":false,"isExternalId":false,"isSfIdLookup":false,"isNullable":true,"isUnique":false,"isCreateable":false,"isUpdateable":true,"isFilterable":true,"isCalculated":false,"showLabel":false,"naturalOrder":0,"linkedFields":["LastModifiedDate"],"relatedInfos":[],"references":[]},"expression":"LastModifiedDate"},{"@type":"fieldMap","id":"41467258","targetField":{"@type":"field","id":129003085,"name":"LastModifiedById","type":"nstring","uniqueName":"LastModifiedById","label":"LastModifiedById","parentObject":"AccountGitDemo.csv","pcType":"UNISTRING","precision":18,"scale":0,"columnIndex":40,"isKey":false,"isExternalId":false,"isSfIdLookup":false,"isNullable":true,"isUnique":false,"isCreateable":false,"isUpdateable":true,"isFilterable":true,"isCalculated":false,"showLabel":false,"naturalOrder":0,"linkedFields":["LastModifiedById"],"relatedInfos":[],"references":[]},"expression":"LastModifiedById"},{"@type":"fieldMap","id":"41467261","targetField":{"@type":"field","id":129003088,"name":"SystemModstamp","type":"datetime","uniqueName":"SystemModstamp","label":"SystemModstamp","parentObject":"AccountGitDemo.csv","pcType":"DATE","precision":19,"scale":0,"columnIndex":41,"isKey":false,"isExternalId":false,"isSfIdLookup":false,"isNullable":true,"isUnique":false,"isCreateable":false,"isUpdateable":true,"isFilterable":true,"isCalculated":false,"showLabel":false,"naturalOrder":0,"linkedFields":["SystemModstamp"],"relatedInfos":[],"references":[]},"expression":"SystemModstamp"},{"@type":"fieldMap","id":"41467264","targetField":{"@type":"field","id":129003091,"name":"LastActivityDate","type":"datetime","uniqueName":"LastActivityDate","label":"LastActivityDate","parentObject":"AccountGitDemo.csv","pcType":"DATE","precision":19,"scale":0,"columnIndex":42,"isKey":false,"isExternalId":false,"isSfIdLookup":false,"isNullable":true,"isUnique":false,"isCreateable":false,"isUpdateable":true,"isFilterable":true,"isCalculated":false,"showLabel":false,"naturalOrder":0,"linkedFields":["LastActivityDate"],"relatedInfos":[],"references":[]},"expression":"LastActivityDate"},{"@type":"fieldMap","id":"41467267","targetField":{"@type":"field","id":129003094,"name":"LastViewedDate","type":"datetime","uniqueName":"LastViewedDate","label":"LastViewedDate","parentObject":"AccountGitDemo.csv","pcType":"DATE","precision":19,"scale":0,"columnIndex":43,"isKey":false,"isExternalId":false,"isSfIdLookup":false,"isNullable":true,"isUnique":false,"isCreateable":false,"isUpdateable":true,"isFilterable":true,"isCalculated":false,"showLabel":false,"naturalOrder":0,"linkedFields":["LastViewedDate"],"relatedInfos":[],"references":[]},"expression":"LastViewedDate"},{"@type":"fieldMap","id":"41467270","targetField":{"@type":"field","id":129003097,"name":"LastReferencedDate","type":"datetime","uniqueName":"LastReferencedDate","label":"LastReferencedDate","parentObject":"AccountGitDemo.csv","pcType":"DATE","precision":19,"scale":0,"columnIndex":44,"isKey":false,"isExternalId":false,"isSfIdLookup":false,"isNullable":true,"isUnique":false,"isCreateable":false,"isUpdateable":true,"isFilterable":true,"isCalculated":false,"showLabel":false,"naturalOrder":0,"linkedFields":["LastReferencedDate"],"relatedInfos":[],"references":[]},"expression":"LastReferencedDate"},{"@type":"fieldMap","id":"41467273","targetField":{"@type":"field","id":129003100,"name":"Jigsaw","type":"nstring","uniqueName":"Jigsaw","label":"Jigsaw","parentObject":"AccountGitDemo.csv","pcType":"UNISTRING","precision":20,"scale":0,"columnIndex":45,"isKey":false,"isExternalId":false,"isSfIdLookup":false,"isNullable":true,"isUnique":false,"isCreateable":false,"isUpdateable":true,"isFilterable":true,"isCalculated":false,"showLabel":false,"naturalOrder":0,"linkedFields":["Jigsaw"],"relatedInfos":[],"references":[]},"expression":"Jigsaw"},{"@type":"fieldMap","id":"41467276","targetField":{"@type":"field","id":129003103,"name":"JigsawCompanyId","type":"nstring","uniqueName":"JigsawCompanyId","label":"JigsawCompanyId","parentObject":"AccountGitDemo.csv","pcType":"UNISTRING","precision":20,"scale":0,"columnIndex":46,"isKey":false,"isExternalId":false,"isSfIdLookup":false,"isNullable":true,"isUnique":false,"isCreateable":false,"isUpdateable":true,"isFilterable":true,"isCalculated":false,"showLabel":false,"naturalOrder":0,"linkedFields":["JigsawCompanyId"],"relatedInfos":[],"references":[]},"expression":"JigsawCompanyId"},{"@type":"fieldMap","id":"41467279","targetField":{"@type":"field","id":129003106,"name":"CleanStatus","type":"nstring","uniqueName":"CleanStatus","label":"CleanStatus","parentObject":"AccountGitDemo.csv","pcType":"UNISTRING","precision":40,"scale":0,"columnIndex":47,"isKey":false,"isExternalId":false,"isSfIdLookup":false,"isNullable":true,"isUnique":false,"isCreateable":false,"isUpdateable":true,"isFilterable":true,"isCalculated":false,"showLabel":false,"naturalOrder":0,"linkedFields":["CleanStatus"],"relatedInfos":[],"references":[]},"expression":"CleanStatus"},{"@type":"fieldMap","id":"41467282","targetField":{"@type":"field","id":129003109,"name":"AccountSource","type":"nstring","uniqueName":"AccountSource","label":"AccountSource","parentObject":"AccountGitDemo.csv","pcType":"UNISTRING","precision":40,"scale":0,"columnIndex":48,"isKey":false,"isExternalId":false,"isSfIdLookup":false,"isNullable":true,"isUnique":false,"isCreateable":false,"isUpdateable":true,"isFilterable":true,"isCalculated":false,"showLabel":false,"naturalOrder":0,"linkedFields":["AccountSource"],"relatedInfos":[],"references":[]},"expression":"AccountSource"},{"@type":"fieldMap","id":"41467285","targetField":{"@type":"field","id":129003112,"name":"DunsNumber","type":"nstring","uniqueName":"DunsNumber","label":"DunsNumber","parentObject":"AccountGitDemo.csv","pcType":"UNISTRING","precision":9,"scale":0,"columnIndex":49,"isKey":false,"isExternalId":false,"isSfIdLookup":false,"isNullable":true,"isUnique":false,"isCreateable":false,"isUpdateable":true,"isFilterable":true,"isCalculated":false,"showLabel":false,"naturalOrder":0,"linkedFields":["DunsNumber"],"relatedInfos":[],"references":[]},"expression":"DunsNumber"},{"@type":"fieldMap","id":"41467288","targetField":{"@type":"field","id":129003115,"name":"Tradestyle","type":"nstring","uniqueName":"Tradestyle","label":"Tradestyle","parentObject":"AccountGitDemo.csv","pcType":"UNISTRING","precision":255,"scale":0,"columnIndex":50,"isKey":false,"isExternalId":false,"isSfIdLookup":false,"isNullable":true,"isUnique":false,"isCreateable":false,"isUpdateable":true,"isFilterable":true,"isCalculated":false,"showLabel":false,"naturalOrder":0,"linkedFields":["Tradestyle"],"relatedInfos":[],"references":[]},"expression":"Tradestyle"},{"@type":"fieldMap","id":"41467291","targetField":{"@type":"field","id":129003118,"name":"NaicsCode","type":"nstring","uniqueName":"NaicsCode","label":"NaicsCode","parentObject":"AccountGitDemo.csv","pcType":"UNISTRING","precision":8,"scale":0,"columnIndex":51,"isKey":false,"isExternalId":false,"isSfIdLookup":false,"isNullable":true,"isUnique":false,"isCreateable":false,"isUpdateable":true,"isFilterable":true,"isCalculated":false,"showLabel":false,"naturalOrder":0,"linkedFields":["NaicsCode"],"relatedInfos":[],"references":[]},"expression":"NaicsCode"},{"@type":"fieldMap","id":"41467294","targetField":{"@type":"field","id":129003121,"name":"NaicsDesc","type":"nstring","uniqueName":"NaicsDesc","label":"NaicsDesc","parentObject":"AccountGitDemo.csv","pcType":"UNISTRING","precision":120,"scale":0,"columnIndex":52,"isKey":false,"isExternalId":false,"isSfIdLookup":false,"isNullable":true,"isUnique":false,"isCreateable":false,"isUpdateable":true,"isFilterable":true,"isCalculated":false,"showLabel":false,"naturalOrder":0,"linkedFields":["NaicsDesc"],"relatedInfos":[],"references":[]},"expression":"NaicsDesc"},{"@type":"fieldMap","id":"41467297","targetField":{"@type":"field","id":129003124,"name":"YearStarted","type":"nstring","uniqueName":"YearStarted","label":"YearStarted","parentObject":"AccountGitDemo.csv","pcType":"UNISTRING","precision":4,"scale":0,"columnIndex":53,"isKey":false,"isExternalId":false,"isSfIdLookup":false,"isNullable":true,"isUnique":false,"isCreateable":false,"isUpdateable":true,"isFilterable":true,"isCalculated":false,"showLabel":false,"naturalOrder":0,"linkedFields":["YearStarted"],"relatedInfos":[],"references":[]},"expression":"YearStarted"},{"@type":"fieldMap","id":"41467300","targetField":{"@type":"field","id":129003127,"name":"SicDesc","type":"nstring","uniqueName":"SicDesc","label":"SicDesc","parentObject":"AccountGitDemo.csv","pcType":"UNISTRING","precision":80,"scale":0,"columnIndex":54,"isKey":false,"isExternalId":false,"isSfIdLookup":false,"isNullable":true,"isUnique":false,"isCreateable":false,"isUpdateable":true,"isFilterable":true,"isCalculated":false,"showLabel":false,"naturalOrder":0,"linkedFields":["SicDesc"],"relatedInfos":[],"references":[]},"expression":"SicDesc"},{"@type":"fieldMap","id":"41467303","targetField":{"@type":"field","id":129003130,"name":"DandbCompanyId","type":"nstring","uniqueName":"DandbCompanyId","label":"DandbCompanyId","parentObject":"AccountGitDemo.csv","pcType":"UNISTRING","precision":18,"scale":0,"columnIndex":55,"isKey":false,"isExternalId":false,"isSfIdLookup":false,"isNullable":true,"isUnique":false,"isCreateable":false,"isUpdateable":true,"isFilterable":true,"isCalculated":false,"showLabel":false,"naturalOrder":0,"linkedFields":["DandbCompanyId"],"relatedInfos":[],"references":[]},"expression":"DandbCompanyId"},{"@type":"fieldMap","id":"41467306","targetField":{"@type":"field","id":129003133,"name":"CustomerPriority__c","type":"nstring","uniqueName":"CustomerPriority__c","label":"CustomerPriority__c","parentObject":"AccountGitDemo.csv","pcType":"UNISTRING","precision":255,"scale":0,"columnIndex":56,"isKey":false,"isExternalId":false,"isSfIdLookup":false,"isNullable":true,"isUnique":false,"isCreateable":false,"isUpdateable":true,"isFilterable":true,"isCalculated":false,"showLabel":false,"naturalOrder":0,"linkedFields":["CustomerPriority__c"],"relatedInfos":[],"references":[]},"expression":"CustomerPriority__c"},{"@type":"fieldMap","id":"41467309","targetField":{"@type":"field","id":129003136,"name":"SLA__c","type":"nstring","uniqueName":"SLA__c","label":"SLA__c","parentObject":"AccountGitDemo.csv","pcType":"UNISTRING","precision":255,"scale":0,"columnIndex":57,"isKey":false,"isExternalId":false,"isSfIdLookup":false,"isNullable":true,"isUnique":false,"isCreateable":false,"isUpdateable":true,"isFilterable":true,"isCalculated":false,"showLabel":false,"naturalOrder":0,"linkedFields":["SLA__c"],"relatedInfos":[],"references":[]},"expression":"SLA__c"},{"@type":"fieldMap","id":"41467312","targetField":{"@type":"field","id":129003139,"name":"Active__c","type":"nstring","uniqueName":"Active__c","label":"Active__c","parentObject":"AccountGitDemo.csv","pcType":"UNISTRING","precision":255,"scale":0,"columnIndex":58,"isKey":false,"isExternalId":false,"isSfIdLookup":false,"isNullable":true,"isUnique":false,"isCreateable":false,"isUpdateable":true,"isFilterable":true,"isCalculated":false,"showLabel":false,"naturalOrder":0,"linkedFields":["Active__c"],"relatedInfos":[],"references":[]},"expression":"Active__c"},{"@type":"fieldMap","id":"41467315","targetField":{"@type":"field","id":129003142,"name":"NumberofLocations__c","type":"number","uniqueName":"NumberofLocations__c","label":"NumberofLocations__c","parentObject":"AccountGitDemo.csv","pcType":"HIPRECDECIMAL","precision":3,"scale":0,"columnIndex":59,"isKey":false,"isExternalId":false,"isSfIdLookup":false,"isNullable":true,"isUnique":false,"isCreateable":false,"isUpdateable":true,"isFilterable":true,"isCalculated":false,"showLabel":false,"naturalOrder":0,"linkedFields":["NumberofLocations__c"],"relatedInfos":[],"references":[]},"expression":"NumberofLocations__c"},{"@type":"fieldMap","id":"41467318","targetField":{"@type":"field","id":129003145,"name":"UpsellOpportunity__c","type":"nstring","uniqueName":"UpsellOpportunity__c","label":"UpsellOpportunity__c","parentObject":"AccountGitDemo.csv","pcType":"UNISTRING","precision":255,"scale":0,"columnIndex":60,"isKey":false,"isExternalId":false,"isSfIdLookup":false,"isNullable":true,"isUnique":false,"isCreateable":false,"isUpdateable":true,"isFilterable":true,"isCalculated":false,"showLabel":false,"naturalOrder":0,"linkedFields":["UpsellOpportunity__c"],"relatedInfos":[],"references":[]},"expression":"UpsellOpportunity__c"},{"@type":"fieldMap","id":"41467321","targetField":{"@type":"field","id":129003148,"name":"SLASerialNumber__c","type":"nstring","uniqueName":"SLASerialNumber__c","label":"SLASerialNumber__c","parentObject":"AccountGitDemo.csv","pcType":"UNISTRING","precision":10,"scale":0,"columnIndex":61,"isKey":false,"isExternalId":false,"isSfIdLookup":false,"isNullable":true,"isUnique":false,"isCreateable":false,"isUpdateable":true,"isFilterable":true,"isCalculated":false,"showLabel":false,"naturalOrder":0,"linkedFields":["SLASerialNumber__c"],"relatedInfos":[],"references":[]},"expression":"SLASerialNumber__c"},{"@type":"fieldMap","id":"41467324","targetField":{"@type":"field","id":129003151,"name":"SLAExpirationDate__c","type":"datetime","uniqueName":"SLAExpirationDate__c","label":"SLAExpirationDate__c","parentObject":"AccountGitDemo.csv","pcType":"DATE","precision":19,"scale":0,"columnIndex":62,"isKey":false,"isExternalId":false,"isSfIdLookup":false,"isNullable":true,"isUnique":false,"isCreateable":false,"isUpdateable":true,"isFilterable":true,"isCalculated":false,"showLabel":false,"naturalOrder":0,"linkedFields":["SLAExpirationDate__c"],"relatedInfos":[],"references":[]},"expression":"SLAExpirationDate__c"},{"@type":"fieldMap","id":"41467327","targetField":{"@type":"field","id":129003154,"name":"Account_External_ID__c","type":"nstring","uniqueName":"Account_External_ID__c","label":"Account_External_ID__c","parentObject":"AccountGitDemo.csv","pcType":"UNISTRING","precision":50,"scale":0,"columnIndex":63,"isKey":false,"isExternalId":false,"isSfIdLookup":false,"isNullable":true,"isUnique":false,"isCreateable":false,"isUpdateable":true,"isFilterable":true,"isCalculated":false,"showLabel":false,"naturalOrder":0,"linkedFields":["Account_External_ID__c"],"relatedInfos":[],"references":[]},"expression":"Account_External_ID__c"}],"sourceFields":[{"@type":"field","id":129003157,"name":"Id","type":"id","uniqueName":"Id","label":"Account ID","parentObject":"Account","pcType":"STRING","precision":18,"scale":0,"columnIndex":0,"isKey":true,"isExternalId":false,"isSfIdLookup":true,"isNullable":false,"isUnique":false,"isCreateable":false,"isUpdateable":false,"isFilterable":true,"isCalculated":false,"showLabel":true,"naturalOrder":0,"linkedFields":["Id"],"relatedInfos":[],"references":[]},{"@type":"field","id":129003160,"name":"IsDeleted","type":"boolean","uniqueName":"IsDeleted","label":"Deleted","parentObject":"Account","pcType":"INT","precision":10,"scale":0,"columnIndex":1,"isKey":false,"isExternalId":false,"isSfIdLookup":false,"isNullable":false,"isUnique":false,"isCreateable":false,"isUpdateable":false,"isFilterable":true,"isCalculated":false,"showLabel":true,"naturalOrder":1,"linkedFields":["IsDeleted"],"relatedInfos":[],"references":[]},{"@type":"field","id":129003163,"name":"MasterRecordId","type":"reference","uniqueName":"MasterRecordId","label":"Master Record ID","parentObject":"Account","pcType":"STRING","precision":18,"scale":0,"columnIndex":2,"isKey":false,"isExternalId":false,"isSfIdLookup":false,"isNullable":true,"isUnique":false,"isCreateable":false,"isUpdateable":false,"isFilterable":true,"isCalculated":false,"showLabel":true,"naturalOrder":2,"linkedFields":["MasterRecordId"],"relatedInfos":[{"@type":"fieldRelatedInfo","id":5958958,"referenceObject":"Account","relationshipName":"MasterRecord","referenceField":{"@type":"field","id":-1,"precision":0,"scale":0,"columnIndex":-1,"isKey":false,"isExternalId":false,"isSfIdLookup":false,"isNullable":true,"isUnique":false,"isCreateable":false,"isUpdateable":true,"isFilterable":true,"isCalculated":false,"showLabel":true,"naturalOrder":0,"linkedFields":[],"relatedInfos":[],"references":[]}}],"references":[]},{"@type":"field","id":129003166,"name":"Name","type":"string","uniqueName":"Name","label":"Account Name","parentObject":"Account","pcType":"STRING","precision":255,"scale":0,"columnIndex":3,"isKey":false,"isExternalId":false,"isSfIdLookup":false,"isNullable":false,"isUnique":false,"isCreateable":true,"isUpdateable":true,"isFilterable":true,"isCalculated":false,"showLabel":true,"naturalOrder":3,"linkedFields":["Name"],"relatedInfos":[],"references":[]},{"@type":"field","id":129003169,"name":"Type","type":"picklist","uniqueName":"Type","label":"Account Type","parentObject":"Account","pcType":"STRING","precision":40,"scale":0,"columnIndex":4,"isKey":false,"isExternalId":false,"isSfIdLookup":false,"isNullable":true,"isUnique":false,"isCreateable":true,"isUpdateable":true,"isFilterable":true,"isCalculated":false,"showLabel":true,"naturalOrder":4,"linkedFields":["Type"],"relatedInfos":[],"references":[]},{"@type":"field","id":129003172,"name":"ParentId","type":"reference","uniqueName":"ParentId","label":"Parent Account ID","parentObject":"Account","pcType":"STRING","precision":18,"scale":0,"columnIndex":5,"isKey":false,"isExternalId":false,"isSfIdLookup":false,"isNullable":true,"isUnique":false,"isCreateable":true,"isUpdateable":true,"isFilterable":true,"isCalculated":false,"showLabel":true,"naturalOrder":5,"linkedFields":["ParentId"],"relatedInfos":[{"@type":"fieldRelatedInfo","id":5958961,"referenceObject":"Account","relationshipName":"Parent","referenceField":{"@type":"field","id":-1,"precision":0,"scale":0,"columnIndex":-1,"isKey":false,"isExternalId":false,"isSfIdLookup":false,"isNullable":true,"isUnique":false,"isCreateable":false,"isUpdateable":true,"isFilterable":true,"isCalculated":false,"showLabel":true,"naturalOrder":0,"linkedFields":[],"relatedInfos":[],"references":[]}}],"references":[]},{"@type":"field","id":129003175,"name":"BillingStreet","type":"textarea","uniqueName":"BillingStreet","label":"Billing Street","parentObject":"Account","pcType":"STRING","precision":255,"scale":0,"columnIndex":6,"isKey":false,"isExternalId":false,"isSfIdLookup":false,"isNullable":true,"isUnique":false,"isCreateable":true,"isUpdateable":true,"isFilterable":true,"isCalculated":false,"showLabel":true,"naturalOrder":6,"linkedFields":["BillingStreet"],"relatedInfos":[],"references":[]},{"@type":"field","id":129003178,"name":"BillingCity","type":"string","uniqueName":"BillingCity","label":"Billing City","parentObject":"Account","pcType":"STRING","precision":40,"scale":0,"columnIndex":7,"isKey":false,"isExternalId":false,"isSfIdLookup":false,"isNullable":true,"isUnique":false,"isCreateable":true,"isUpdateable":true,"isFilterable":true,"isCalculated":false,"showLabel":true,"naturalOrder":7,"linkedFields":["BillingCity"],"relatedInfos":[],"references":[]},{"@type":"field","id":129003181,"name":"BillingState","type":"string","uniqueName":"BillingState","label":"Billing State/Province","parentObject":"Account","pcType":"STRING","precision":80,"scale":0,"columnIndex":8,"isKey":false,"isExternalId":false,"isSfIdLookup":false,"isNullable":true,"isUnique":false,"isCreateable":true,"isUpdateable":true,"isFilterable":true,"isCalculated":false,"showLabel":true,"naturalOrder":8,"linkedFields":["BillingState"],"relatedInfos":[],"references":[]},{"@type":"field","id":129003184,"name":"BillingPostalCode","type":"string","uniqueName":"BillingPostalCode","label":"Billing Zip/Postal Code","parentObject":"Account","pcType":"STRING","precision":20,"scale":0,"columnIndex":9,"isKey":false,"isExternalId":false,"isSfIdLookup":false,"isNullable":true,"isUnique":false,"isCreateable":true,"isUpdateable":true,"isFilterable":true,"isCalculated":false,"showLabel":true,"naturalOrder":9,"linkedFields":["BillingPostalCode"],"relatedInfos":[],"references":[]},{"@type":"field","id":129003187,"name":"BillingCountry","type":"string","uniqueName":"BillingCountry","label":"Billing Country","parentObject":"Account","pcType":"STRING","precision":80,"scale":0,"columnIndex":10,"isKey":false,"isExternalId":false,"isSfIdLookup":false,"isNullable":true,"isUnique":false,"isCreateable":true,"isUpdateable":true,"isFilterable":true,"isCalculated":false,"showLabel":true,"naturalOrder":10,"linkedFields":["BillingCountry"],"relatedInfos":[],"references":[]},{"@type":"field","id":129003190,"name":"BillingLatitude","type":"double","uniqueName":"BillingLatitude","label":"Billing Latitude","parentObject":"Account","pcType":"HIPRECDECIMAL","precision":18,"scale":15,"columnIndex":11,"isKey":false,"isExternalId":false,"isSfIdLookup":false,"isNullable":true,"isUnique":false,"isCreateable":true,"isUpdateable":true,"isFilterable":true,"isCalculated":false,"showLabel":true,"naturalOrder":11,"linkedFields":["BillingLatitude"],"relatedInfos":[],"references":[]},{"@type":"field","id":129003193,"name":"BillingLongitude","type":"double","uniqueName":"BillingLongitude","label":"Billing Longitude","parentObject":"Account","pcType":"HIPRECDECIMAL","precision":18,"scale":15,"columnIndex":12,"isKey":false,"isExternalId":false,"isSfIdLookup":false,"isNullable":true,"isUnique":false,"isCreateable":true,"isUpdateable":true,"isFilterable":true,"isCalculated":false,"showLabel":true,"naturalOrder":12,"linkedFields":["BillingLongitude"],"relatedInfos":[],"references":[]},{"@type":"field","id":129003196,"name":"BillingGeocodeAccuracy","type":"picklist","uniqueName":"BillingGeocodeAccuracy","label":"Billing Geocode Accuracy","parentObject":"Account","pcType":"STRING","precision":40,"scale":0,"columnIndex":13,"isKey":false,"isExternalId":false,"isSfIdLookup":false,"isNullable":true,"isUnique":false,"isCreateable":true,"isUpdateable":true,"isFilterable":true,"isCalculated":false,"showLabel":true,"naturalOrder":13,"linkedFields":["BillingGeocodeAccuracy"],"relatedInfos":[],"references":[]},{"@type":"field","id":129003199,"name":"ShippingStreet","type":"textarea","uniqueName":"ShippingStreet","label":"Shipping Street","parentObject":"Account","pcType":"STRING","precision":255,"scale":0,"columnIndex":14,"isKey":false,"isExternalId":false,"isSfIdLookup":false,"isNullable":true,"isUnique":false,"isCreateable":true,"isUpdateable":true,"isFilterable":true,"isCalculated":false,"showLabel":true,"naturalOrder":14,"linkedFields":["ShippingStreet"],"relatedInfos":[],"references":[]},{"@type":"field","id":129003202,"name":"ShippingCity","type":"string","uniqueName":"ShippingCity","label":"Shipping City","parentObject":"Account","pcType":"STRING","precision":40,"scale":0,"columnIndex":15,"isKey":false,"isExternalId":false,"isSfIdLookup":false,"isNullable":true,"isUnique":false,"isCreateable":true,"isUpdateable":true,"isFilterable":true,"isCalculated":false,"showLabel":true,"naturalOrder":15,"linkedFields":["ShippingCity"],"relatedInfos":[],"references":[]},{"@type":"field","id":129003205,"name":"ShippingState","type":"string","uniqueName":"ShippingState","label":"Shipping State/Province","parentObject":"Account","pcType":"STRING","precision":80,"scale":0,"columnIndex":16,"isKey":false,"isExternalId":false,"isSfIdLookup":false,"isNullable":true,"isUnique":false,"isCreateable":true,"isUpdateable":true,"isFilterable":true,"isCalculated":false,"showLabel":true,"naturalOrder":16,"linkedFields":["ShippingState"],"relatedInfos":[],"references":[]},{"@type":"field","id":129003208,"name":"ShippingPostalCode","type":"string","uniqueName":"ShippingPostalCode","label":"Shipping Zip/Postal Code","parentObject":"Account","pcType":"STRING","precision":20,"scale":0,"columnIndex":17,"isKey":false,"isExternalId":false,"isSfIdLookup":false,"isNullable":true,"isUnique":false,"isCreateable":true,"isUpdateable":true,"isFilterable":true,"isCalculated":false,"showLabel":true,"naturalOrder":17,"linkedFields":["ShippingPostalCode"],"relatedInfos":[],"references":[]},{"@type":"field","id":129003211,"name":"ShippingCountry","type":"string","uniqueName":"ShippingCountry","label":"Shipping Country","parentObject":"Account","pcType":"STRING","precision":80,"scale":0,"columnIndex":18,"isKey":false,"isExternalId":false,"isSfIdLookup":false,"isNullable":true,"isUnique":false,"isCreateable":true,"isUpdateable":true,"isFilterable":true,"isCalculated":false,"showLabel":true,"naturalOrder":18,"linkedFields":["ShippingCountry"],"relatedInfos":[],"references":[]},{"@type":"field","id":129003214,"name":"ShippingLatitude","type":"double","uniqueName":"ShippingLatitude","label":"Shipping Latitude","parentObject":"Account","pcType":"HIPRECDECIMAL","precision":18,"scale":15,"columnIndex":19,"isKey":false,"isExternalId":false,"isSfIdLookup":false,"isNullable":true,"isUnique":false,"isCreateable":true,"isUpdateable":true,"isFilterable":true,"isCalculated":false,"showLabel":true,"naturalOrder":19,"linkedFields":["ShippingLatitude"],"relatedInfos":[],"references":[]},{"@type":"field","id":129003217,"name":"ShippingLongitude","type":"double","uniqueName":"ShippingLongitude","label":"Shipping Longitude","parentObject":"Account","pcType":"HIPRECDECIMAL","precision":18,"scale":15,"columnIndex":20,"isKey":false,"isExternalId":false,"isSfIdLookup":false,"isNullable":true,"isUnique":false,"isCreateable":true,"isUpdateable":true,"isFilterable":true,"isCalculated":false,"showLabel":true,"naturalOrder":20,"linkedFields":["ShippingLongitude"],"relatedInfos":[],"references":[]},{"@type":"field","id":129003220,"name":"ShippingGeocodeAccuracy","type":"picklist","uniqueName":"ShippingGeocodeAccuracy","label":"Shipping Geocode Accuracy","parentObject":"Account","pcType":"STRING","precision":40,"scale":0,"columnIndex":21,"isKey":false,"isExternalId":false,"isSfIdLookup":false,"isNullable":true,"isUnique":false,"isCreateable":true,"isUpdateable":true,"isFilterable":true,"isCalculated":false,"showLabel":true,"naturalOrder":21,"linkedFields":["ShippingGeocodeAccuracy"],"relatedInfos":[],"references":[]},{"@type":"field","id":129003223,"name":"Phone","type":"phone","uniqueName":"Phone","label":"Account Phone","parentObject":"Account","pcType":"STRING","precision":40,"scale":0,"columnIndex":22,"isKey":false,"isExternalId":false,"isSfIdLookup":false,"isNullable":true,"isUnique":false,"isCreateable":true,"isUpdateable":true,"isFilterable":true,"isCalculated":false,"showLabel":true,"naturalOrder":22,"linkedFields":["Phone"],"relatedInfos":[],"references":[]},{"@type":"field","id":129003226,"name":"Fax","type":"phone","uniqueName":"Fax","label":"Account Fax","parentObject":"Account","pcType":"STRING","precision":40,"scale":0,"columnIndex":23,"isKey":false,"isExternalId":false,"isSfIdLookup":false,"isNullable":true,"isUnique":false,"isCreateable":true,"isUpdateable":true,"isFilterable":true,"isCalculated":false,"showLabel":true,"naturalOrder":23,"linkedFields":["Fax"],"relatedInfos":[],"references":[]},{"@type":"field","id":129003229,"name":"AccountNumber","type":"string","uniqueName":"AccountNumber","label":"Account Number","parentObject":"Account","pcType":"STRING","precision":40,"scale":0,"columnIndex":24,"isKey":false,"isExternalId":false,"isSfIdLookup":false,"isNullable":true,"isUnique":false,"isCreateable":true,"isUpdateable":true,"isFilterable":true,"isCalculated":false,"showLabel":true,"naturalOrder":24,"linkedFields":["AccountNumber"],"relatedInfos":[],"references":[]},{"@type":"field","id":129003232,"name":"Website","type":"url","uniqueName":"Website","label":"Website","parentObject":"Account","pcType":"STRING","precision":255,"scale":0,"columnIndex":25,"isKey":false,"isExternalId":false,"isSfIdLookup":false,"isNullable":true,"isUnique":false,"isCreateable":true,"isUpdateable":true,"isFilterable":true,"isCalculated":false,"showLabel":true,"naturalOrder":25,"linkedFields":["Website"],"relatedInfos":[],"references":[]},{"@type":"field","id":129003235,"name":"PhotoUrl","type":"url","uniqueName":"PhotoUrl","label":"Photo URL","parentObject":"Account","pcType":"STRING","precision":255,"scale":0,"columnIndex":26,"isKey":false,"isExternalId":false,"isSfIdLookup":false,"isNullable":true,"isUnique":false,"isCreateable":false,"isUpdateable":false,"isFilterable":true,"isCalculated":false,"showLabel":true,"naturalOrder":26,"linkedFields":["PhotoUrl"],"relatedInfos":[],"references":[]},{"@type":"field","id":129003238,"name":"Sic","type":"string","uniqueName":"Sic","label":"SIC Code","parentObject":"Account","pcType":"STRING","precision":20,"scale":0,"columnIndex":27,"isKey":false,"isExternalId":false,"isSfIdLookup":false,"isNullable":true,"isUnique":false,"isCreateable":true,"isUpdateable":true,"isFilterable":true,"isCalculated":false,"showLabel":true,"naturalOrder":27,"linkedFields":["Sic"],"relatedInfos":[],"references":[]},{"@type":"field","id":129003241,"name":"Industry","type":"picklist","uniqueName":"Industry","label":"Industry","parentObject":"Account","pcType":"STRING","precision":40,"scale":0,"columnIndex":28,"isKey":false,"isExternalId":false,"isSfIdLookup":false,"isNullable":true,"isUnique":false,"isCreateable":true,"isUpdateable":true,"isFilterable":true,"isCalculated":false,"showLabel":true,"naturalOrder":28,"linkedFields":["Industry"],"relatedInfos":[],"references":[]},{"@type":"field","id":129003244,"name":"AnnualRevenue","type":"currency","uniqueName":"AnnualRevenue","label":"Annual Revenue","parentObject":"Account","pcType":"HIPRECDECIMAL","precision":18,"scale":0,"columnIndex":29,"isKey":false,"isExternalId":false,"isSfIdLookup":false,"isNullable":true,"isUnique":false,"isCreateable":true,"isUpdateable":true,"isFilterable":true,"isCalculated":false,"showLabel":true,"naturalOrder":29,"linkedFields":["AnnualRevenue"],"relatedInfos":[],"references":[]},{"@type":"field","id":129003247,"name":"NumberOfEmployees","type":"int","uniqueName":"NumberOfEmployees","label":"Employees","parentObject":"Account","pcType":"INT","precision":10,"scale":0,"columnIndex":30,"isKey":false,"isExternalId":false,"isSfIdLookup":false,"isNullable":true,"isUnique":false,"isCreateable":true,"isUpdateable":true,"isFilterable":true,"isCalculated":false,"showLabel":true,"naturalOrder":30,"linkedFields":["NumberOfEmployees"],"relatedInfos":[],"references":[]},{"@type":"field","id":129003250,"name":"Ownership","type":"picklist","uniqueName":"Ownership","label":"Ownership","parentObject":"Account","pcType":"STRING","precision":40,"scale":0,"columnIndex":31,"isKey":false,"isExternalId":false,"isSfIdLookup":false,"isNullable":true,"isUnique":false,"isCreateable":true,"isUpdateable":true,"isFilterable":true,"isCalculated":false,"showLabel":true,"naturalOrder":31,"linkedFields":["Ownership"],"relatedInfos":[],"references":[]},{"@type":"field","id":129003253,"name":"TickerSymbol","type":"string","uniqueName":"TickerSymbol","label":"Ticker Symbol","parentObject":"Account","pcType":"STRING","precision":20,"scale":0,"columnIndex":32,"isKey":false,"isExternalId":false,"isSfIdLookup":false,"isNullable":true,"isUnique":false,"isCreateable":true,"isUpdateable":true,"isFilterable":true,"isCalculated":false,"showLabel":true,"naturalOrder":32,"linkedFields":["TickerSymbol"],"relatedInfos":[],"references":[]},{"@type":"field","id":129003256,"name":"Description","type":"textarea","uniqueName":"Description","label":"Account Description","parentObject":"Account","pcType":"STRING","precision":32000,"scale":0,"columnIndex":33,"isKey":false,"isExternalId":false,"isSfIdLookup":false,"isNullable":true,"isUnique":false,"isCreateable":true,"isUpdateable":true,"isFilterable":false,"isCalculated":false,"showLabel":true,"naturalOrder":33,"linkedFields":["Description"],"relatedInfos":[],"references":[]},{"@type":"field","id":129003259,"name":"Rating","type":"picklist","uniqueName":"Rating","label":"Account Rating","parentObject":"Account","pcType":"STRING","precision":40,"scale":0,"columnIndex":34,"isKey":false,"isExternalId":false,"isSfIdLookup":false,"isNullable":true,"isUnique":false,"isCreateable":true,"isUpdateable":true,"isFilterable":true,"isCalculated":false,"showLabel":true,"naturalOrder":34,"linkedFields":["Rating"],"relatedInfos":[],"references":[]},{"@type":"field","id":129003262,"name":"Site","type":"string","uniqueName":"Site","label":"Account Site","parentObject":"Account","pcType":"STRING","precision":80,"scale":0,"columnIndex":35,"isKey":false,"isExternalId":false,"isSfIdLookup":false,"isNullable":true,"isUnique":false,"isCreateable":true,"isUpdateable":true,"isFilterable":true,"isCalculated":false,"showLabel":true,"naturalOrder":35,"linkedFields":["Site"],"relatedInfos":[],"references":[]},{"@type":"field","id":129003265,"name":"OwnerId","type":"reference","uniqueName":"OwnerId","label":"Owner ID","parentObject":"Account","pcType":"STRING","precision":18,"scale":0,"columnIndex":36,"isKey":false,"isExternalId":false,"isSfIdLookup":false,"isNullable":false,"isUnique":false,"isCreateable":true,"isUpdateable":true,"isFilterable":true,"isCalculated":false,"showLabel":true,"naturalOrder":36,"linkedFields":["OwnerId"],"relatedInfos":[{"@type":"fieldRelatedInfo","id":5958964,"referenceObject":"User","relationshipName":"Owner","referenceField":{"@type":"field","id":-1,"precision":0,"scale":0,"columnIndex":-1,"isKey":false,"isExternalId":false,"isSfIdLookup":false,"isNullable":true,"isUnique":false,"isCreateable":false,"isUpdateable":true,"isFilterable":true,"isCalculated":false,"showLabel":true,"naturalOrder":0,"linkedFields":[],"relatedInfos":[],"references":[]}}],"references":[]},{"@type":"field","id":129003268,"name":"CreatedDate","type":"datetime","uniqueName":"CreatedDate","label":"Created Date","parentObject":"Account","pcType":"DATE","precision":24,"scale":0,"columnIndex":37,"isKey":false,"isExternalId":false,"isSfIdLookup":false,"isNullable":false,"isUnique":false,"isCreateable":false,"isUpdateable":false,"isFilterable":true,"isCalculated":false,"showLabel":true,"naturalOrder":37,"linkedFields":["CreatedDate"],"relatedInfos":[],"references":[]},{"@type":"field","id":129003271,"name":"CreatedById","type":"reference","uniqueName":"CreatedById","label":"Created By ID","parentObject":"Account","pcType":"STRING","precision":18,"scale":0,"columnIndex":38,"isKey":false,"isExternalId":false,"isSfIdLookup":false,"isNullable":false,"isUnique":false,"isCreateable":false,"isUpdateable":false,"isFilterable":true,"isCalculated":false,"showLabel":true,"naturalOrder":38,"linkedFields":["CreatedById"],"relatedInfos":[{"@type":"fieldRelatedInfo","id":5958967,"referenceObject":"User","relationshipName":"CreatedBy","referenceField":{"@type":"field","id":-1,"precision":0,"scale":0,"columnIndex":-1,"isKey":false,"isExternalId":false,"isSfIdLookup":false,"isNullable":true,"isUnique":false,"isCreateable":false,"isUpdateable":true,"isFilterable":true,"isCalculated":false,"showLabel":true,"naturalOrder":0,"linkedFields":[],"relatedInfos":[],"references":[]}}],"references":[]},{"@type":"field","id":129003274,"name":"LastModifiedDate","type":"datetime","uniqueName":"LastModifiedDate","label":"Last Modified Date","parentObject":"Account","pcType":"DATE","precision":24,"scale":0,"columnIndex":39,"isKey":false,"isExternalId":false,"isSfIdLookup":false,"isNullable":false,"isUnique":false,"isCreateable":false,"isUpdateable":false,"isFilterable":true,"isCalculated":false,"showLabel":true,"naturalOrder":39,"linkedFields":["LastModifiedDate"],"relatedInfos":[],"references":[]},{"@type":"field","id":129003277,"name":"LastModifiedById","type":"reference","uniqueName":"LastModifiedById","label":"Last Modified By ID","parentObject":"Account","pcType":"STRING","precision":18,"scale":0,"columnIndex":40,"isKey":false,"isExternalId":false,"isSfIdLookup":false,"isNullable":false,"isUnique":false,"isCreateable":false,"isUpdateable":false,"isFilterable":true,"isCalculated":false,"showLabel":true,"naturalOrder":40,"linkedFields":["LastModifiedById"],"relatedInfos":[{"@type":"fieldRelatedInfo","id":5958970,"referenceObject":"User","relationshipName":"LastModifiedBy","referenceField":{"@type":"field","id":-1,"precision":0,"scale":0,"columnIndex":-1,"isKey":false,"isExternalId":false,"isSfIdLookup":false,"isNullable":true,"isUnique":false,"isCreateable":false,"isUpdateable":true,"isFilterable":true,"isCalculated":false,"showLabel":true,"naturalOrder":0,"linkedFields":[],"relatedInfos":[],"references":[]}}],"references":[]},{"@type":"field","id":129003280,"name":"SystemModstamp","type":"datetime","uniqueName":"SystemModstamp","label":"System Modstamp","parentObject":"Account","pcType":"DATE","precision":24,"scale":0,"columnIndex":41,"isKey":false,"isExternalId":false,"isSfIdLookup":false,"isNullable":false,"isUnique":false,"isCreateable":false,"isUpdateable":false,"isFilterable":true,"isCalculated":false,"showLabel":true,"naturalOrder":41,"linkedFields":["SystemModstamp"],"relatedInfos":[],"references":[]},{"@type":"field","id":129003283,"name":"LastActivityDate","type":"date","uniqueName":"LastActivityDate","label":"Last Activity","parentObject":"Account","pcType":"DATE","precision":10,"scale":0,"columnIndex":42,"isKey":false,"isExternalId":false,"isSfIdLookup":false,"isNullable":true,"isUnique":false,"isCreateable":false,"isUpdateable":false,"isFilterable":true,"isCalculated":false,"showLabel":true,"naturalOrder":42,"linkedFields":["LastActivityDate"],"relatedInfos":[],"references":[]},{"@type":"field","id":129003286,"name":"LastViewedDate","type":"datetime","uniqueName":"LastViewedDate","label":"Last Viewed Date","parentObject":"Account","pcType":"DATE","precision":24,"scale":0,"columnIndex":43,"isKey":false,"isExternalId":false,"isSfIdLookup":false,"isNullable":true,"isUnique":false,"isCreateable":false,"isUpdateable":false,"isFilterable":true,"isCalculated":false,"showLabel":true,"naturalOrder":43,"linkedFields":["LastViewedDate"],"relatedInfos":[],"references":[]},{"@type":"field","id":129003289,"name":"LastReferencedDate","type":"datetime","uniqueName":"LastReferencedDate","label":"Last Referenced Date","parentObject":"Account","pcType":"DATE","precision":24,"scale":0,"columnIndex":44,"isKey":false,"isExternalId":false,"isSfIdLookup":false,"isNullable":true,"isUnique":false,"isCreateable":false,"isUpdateable":false,"isFilterable":true,"isCalculated":false,"showLabel":true,"naturalOrder":44,"linkedFields":["LastReferencedDate"],"relatedInfos":[],"references":[]},{"@type":"field","id":129003292,"name":"Jigsaw","type":"string","uniqueName":"Jigsaw","label":"Data.com Key","parentObject":"Account","pcType":"STRING","precision":20,"scale":0,"columnIndex":45,"isKey":false,"isExternalId":false,"isSfIdLookup":false,"isNullable":true,"isUnique":false,"isCreateable":true,"isUpdateable":true,"isFilterable":true,"isCalculated":false,"showLabel":true,"naturalOrder":45,"linkedFields":["Jigsaw"],"relatedInfos":[],"references":[]},{"@type":"field","id":129003295,"name":"JigsawCompanyId","type":"string","uniqueName":"JigsawCompanyId","label":"Jigsaw Company ID","parentObject":"Account","pcType":"STRING","precision":20,"scale":0,"columnIndex":46,"isKey":false,"isExternalId":false,"isSfIdLookup":false,"isNullable":true,"isUnique":false,"isCreateable":false,"isUpdateable":false,"isFilterable":true,"isCalculated":false,"showLabel":true,"naturalOrder":46,"linkedFields":["JigsawCompanyId"],"relatedInfos":[],"references":[]},{"@type":"field","id":129003298,"name":"CleanStatus","type":"picklist","uniqueName":"CleanStatus","label":"Clean Status","parentObject":"Account","pcType":"STRING","precision":40,"scale":0,"columnIndex":47,"isKey":false,"isExternalId":false,"isSfIdLookup":false,"isNullable":true,"isUnique":false,"isCreateable":true,"isUpdateable":true,"isFilterable":true,"isCalculated":false,"showLabel":true,"naturalOrder":47,"linkedFields":["CleanStatus"],"relatedInfos":[],"references":[]},{"@type":"field","id":129003301,"name":"AccountSource","type":"picklist","uniqueName":"AccountSource","label":"Account Source","parentObject":"Account","pcType":"STRING","precision":40,"scale":0,"columnIndex":48,"isKey":false,"isExternalId":false,"isSfIdLookup":false,"isNullable":true,"isUnique":false,"isCreateable":true,"isUpdateable":true,"isFilterable":true,"isCalculated":false,"showLabel":true,"naturalOrder":48,"linkedFields":["AccountSource"],"relatedInfos":[],"references":[]},{"@type":"field","id":129003304,"name":"DunsNumber","type":"string","uniqueName":"DunsNumber","label":"D-U-N-S Number","parentObject":"Account","pcType":"STRING","precision":9,"scale":0,"columnIndex":49,"isKey":false,"isExternalId":false,"isSfIdLookup":false,"isNullable":true,"isUnique":false,"isCreateable":true,"isUpdateable":true,"isFilterable":true,"isCalculated":false,"showLabel":true,"naturalOrder":49,"linkedFields":["DunsNumber"],"relatedInfos":[],"references":[]},{"@type":"field","id":129003307,"name":"Tradestyle","type":"string","uniqueName":"Tradestyle","label":"Tradestyle","parentObject":"Account","pcType":"STRING","precision":255,"scale":0,"columnIndex":50,"isKey":false,"isExternalId":false,"isSfIdLookup":false,"isNullable":true,"isUnique":false,"isCreateable":true,"isUpdateable":true,"isFilterable":true,"isCalculated":false,"showLabel":true,"naturalOrder":50,"linkedFields":["Tradestyle"],"relatedInfos":[],"references":[]},{"@type":"field","id":129003310,"name":"NaicsCode","type":"string","uniqueName":"NaicsCode","label":"NAICS Code","parentObject":"Account","pcType":"STRING","precision":8,"scale":0,"columnIndex":51,"isKey":false,"isExternalId":false,"isSfIdLookup":false,"isNullable":true,"isUnique":false,"isCreateable":true,"isUpdateable":true,"isFilterable":true,"isCalculated":false,"showLabel":true,"naturalOrder":51,"linkedFields":["NaicsCode"],"relatedInfos":[],"references":[]},{"@type":"field","id":129003313,"name":"NaicsDesc","type":"string","uniqueName":"NaicsDesc","label":"NAICS Description","parentObject":"Account","pcType":"STRING","precision":120,"scale":0,"columnIndex":52,"isKey":false,"isExternalId":false,"isSfIdLookup":false,"isNullable":true,"isUnique":false,"isCreateable":true,"isUpdateable":true,"isFilterable":true,"isCalculated":false,"showLabel":true,"naturalOrder":52,"linkedFields":["NaicsDesc"],"relatedInfos":[],"references":[]},{"@type":"field","id":129003316,"name":"YearStarted","type":"string","uniqueName":"YearStarted","label":"Year Started","parentObject":"Account","pcType":"STRING","precision":4,"scale":0,"columnIndex":53,"isKey":false,"isExternalId":false,"isSfIdLookup":false,"isNullable":true,"isUnique":false,"isCreateable":true,"isUpdateable":true,"isFilterable":true,"isCalculated":false,"showLabel":true,"naturalOrder":53,"linkedFields":["YearStarted"],"relatedInfos":[],"references":[]},{"@type":"field","id":129003319,"name":"SicDesc","type":"string","uniqueName":"SicDesc","label":"SIC Description","parentObject":"Account","pcType":"STRING","precision":80,"scale":0,"columnIndex":54,"isKey":false,"isExternalId":false,"isSfIdLookup":false,"isNullable":true,"isUnique":false,"isCreateable":true,"isUpdateable":true,"isFilterable":true,"isCalculated":false,"showLabel":true,"naturalOrder":54,"linkedFields":["SicDesc"],"relatedInfos":[],"references":[]},{"@type":"field","id":129003322,"name":"DandbCompanyId","type":"reference","uniqueName":"DandbCompanyId","label":"D&B Company ID","parentObject":"Account","pcType":"STRING","precision":18,"scale":0,"columnIndex":55,"isKey":false,"isExternalId":false,"isSfIdLookup":false,"isNullable":true,"isUnique":false,"isCreateable":true,"isUpdateable":true,"isFilterable":true,"isCalculated":false,"showLabel":true,"naturalOrder":55,"linkedFields":["DandbCompanyId"],"relatedInfos":[{"@type":"fieldRelatedInfo","id":5958973,"referenceObject":"DandBCompany","relationshipName":"DandbCompany","referenceField":{"@type":"field","id":-1,"precision":0,"scale":0,"columnIndex":-1,"isKey":false,"isExternalId":false,"isSfIdLookup":false,"isNullable":true,"isUnique":false,"isCreateable":false,"isUpdateable":true,"isFilterable":true,"isCalculated":false,"showLabel":true,"naturalOrder":0,"linkedFields":[],"relatedInfos":[],"references":[]}}],"references":[]},{"@type":"field","id":129003325,"name":"CustomerPriority__c","type":"picklist","uniqueName":"CustomerPriority__c","label":"Customer Priority","parentObject":"Account","pcType":"STRING","precision":255,"scale":0,"columnIndex":56,"isKey":false,"isExternalId":false,"isSfIdLookup":false,"isNullable":true,"isUnique":false,"isCreateable":true,"isUpdateable":true,"isFilterable":true,"isCalculated":false,"showLabel":true,"naturalOrder":56,"linkedFields":["CustomerPriority__c"],"relatedInfos":[],"references":[]},{"@type":"field","id":129003328,"name":"SLA__c","type":"picklist","uniqueName":"SLA__c","label":"SLA","parentObject":"Account","pcType":"STRING","precision":255,"scale":0,"columnIndex":57,"isKey":false,"isExternalId":false,"isSfIdLookup":false,"isNullable":true,"isUnique":false,"isCreateable":true,"isUpdateable":true,"isFilterable":true,"isCalculated":false,"showLabel":true,"naturalOrder":57,"linkedFields":["SLA__c"],"relatedInfos":[],"references":[]},{"@type":"field","id":129003331,"name":"Active__c","type":"picklist","uniqueName":"Active__c","label":"Active","parentObject":"Account","pcType":"STRING","precision":255,"scale":0,"columnIndex":58,"isKey":false,"isExternalId":false,"isSfIdLookup":false,"isNullable":true,"isUnique":false,"isCreateable":true,"isUpdateable":true,"isFilterable":true,"isCalculated":false,"showLabel":true,"naturalOrder":58,"linkedFields":["Active__c"],"relatedInfos":[],"references":[]},{"@type":"field","id":129003334,"name":"NumberofLocations__c","type":"double","uniqueName":"NumberofLocations__c","label":"Number of Locations","parentObject":"Account","pcType":"HIPRECDECIMAL","precision":3,"scale":0,"columnIndex":59,"isKey":false,"isExternalId":false,"isSfIdLookup":false,"isNullable":true,"isUnique":false,"isCreateable":true,"isUpdateable":true,"isFilterable":true,"isCalculated":false,"showLabel":true,"naturalOrder":59,"linkedFields":["NumberofLocations__c"],"relatedInfos":[],"references":[]},{"@type":"field","id":129003337,"name":"UpsellOpportunity__c","type":"picklist","uniqueName":"UpsellOpportunity__c","label":"Upsell Opportunity","parentObject":"Account","pcType":"STRING","precision":255,"scale":0,"columnIndex":60,"isKey":false,"isExternalId":false,"isSfIdLookup":false,"isNullable":true,"isUnique":false,"isCreateable":true,"isUpdateable":true,"isFilterable":true,"isCalculated":false,"showLabel":true,"naturalOrder":60,"linkedFields":["UpsellOpportunity__c"],"relatedInfos":[],"references":[]},{"@type":"field","id":129003340,"name":"SLASerialNumber__c","type":"string","uniqueName":"SLASerialNumber__c","label":"SLA Serial Number","parentObject":"Account","pcType":"STRING","precision":10,"scale":0,"columnIndex":61,"isKey":false,"isExternalId":false,"isSfIdLookup":false,"isNullable":true,"isUnique":false,"isCreateable":true,"isUpdateable":true,"isFilterable":true,"isCalculated":false,"showLabel":true,"naturalOrder":61,"linkedFields":["SLASerialNumber__c"],"relatedInfos":[],"references":[]},{"@type":"field","id":129003343,"name":"SLAExpirationDate__c","type":"date","uniqueName":"SLAExpirationDate__c","label":"SLA Expiration Date","parentObject":"Account","pcType":"DATE","precision":10,"scale":0,"columnIndex":62,"isKey":false,"isExternalId":false,"isSfIdLookup":false,"isNullable":true,"isUnique":false,"isCreateable":true,"isUpdateable":true,"isFilterable":true,"isCalculated":false,"showLabel":true,"naturalOrder":62,"linkedFields":["SLAExpirationDate__c"],"relatedInfos":[],"references":[]},{"@type":"field","id":129003346,"name":"Account_External_ID__c","type":"string","uniqueName":"Account_External_ID__c","label":"Account External ID","parentObject":"Account","pcType":"STRING","precision":50,"scale":0,"columnIndex":63,"isKey":false,"isExternalId":true,"isSfIdLookup":true,"isNullable":true,"isUnique":false,"isCreateable":true,"isUpdateable":true,"isFilterable":true,"isCalculated":false,"showLabel":true,"naturalOrder":63,"linkedFields":["Account_External_ID__c"],"relatedInfos":[],"references":[]}],"sortFields":[],"groupFields":[]}]